<?xml version="1.0" encoding="UTF-8"?>
<GenRun Id="synth_1" LaunchPart="xc7k70tfbv676-1" LaunchTime="1662111574">
  <File Type="VDS-TIMINGSUMMARY" Name="simpleALU_timing_summary_synth.rpt"/>
  <File Type="RDS-DCP" Name="simpleALU.dcp"/>
  <File Type="RDS-UTIL-PB" Name="simpleALU_utilization_synth.pb"/>
  <File Type="RDS-UTIL" Name="simpleALU_utilization_synth.rpt"/>
  <File Type="VDS-TIMING-PB" Name="simpleALU_timing_summary_synth.pb"/>
  <File Type="PA-TCL" Name="simpleALU.tcl"/>
  <File Type="REPORTS-TCL" Name="simpleALU_reports.tcl"/>
  <File Type="RDS-RDS" Name="simpleALU.vds"/>
  <File Type="RDS-PROPCONSTRS" Name="simpleALU_drc_synth.rpt"/>
  <FileSet Name="sources" Type="DesignSrcs" RelSrcDir="$PSRCDIR/sources_1">
    <Filter Type="Srcs"/>
    <File Path="$PPRDIR/simpleALU.v">
      <FileInfo>
        <Attr Name="UsedIn" Val="synthesis"/>
        <Attr Name="UsedIn" Val="implementation"/>
        <Attr Name="UsedIn" Val="simulation"/>
      </FileInfo>
    </File>
    <Config>
      <Option Name="DesignMode" Val="RTL"/>
      <Option Name="TopModule" Val="simpleALU"/>
      <Option Name="TopAutoSet" Val="TRUE"/>
    </Config>
  </FileSet>
  <FileSet Name="constrs_in" Type="Constrs" RelSrcDir="$PSRCDIR/constrs_1">
    <Filter Type="Constrs"/>
    <Config>
      <Option Name="ConstrsType" Val="XDC"/>
    </Config>
  </FileSet>
  <FileSet Name="utils" Type="Utils" RelSrcDir="$PSRCDIR/utils_1">
    <Filter Type="Utils"/>
    <Config>
      <Option Name="TopAutoSet" Val="TRUE"/>
    </Config>
  </FileSet>
  <Strategy Version="1" Minor="2">
    <StratHandle Name="Vivado Synthesis Defaults" Flow="Vivado Synthesis 2019">
      <Desc>Vivado Synthesis Defaults</Desc>
    </StratHandle>
    <Step Id="synth_design"/>
  </Strategy>
</GenRun>
