<?xml version="1.0" encoding="UTF-8"?>
<GenRun Id="impl_1" LaunchPart="xc7k70tfbv676-1" LaunchTime="1662111575">
  <File Type="WBT-USG" Name="usage_statistics_webtalk.html"/>
  <File Type="RDI-RDI" Name="simpleALU.vdi"/>
  <File Type="BG-DRC" Name="simpleALU.drc"/>
  <File Type="BG-BGN" Name="simpleALU.bgn"/>
  <File Type="BITSTR-SYSDEF" Name="simpleALU.sysdef"/>
  <File Type="BITSTR-LTX" Name="debug_nets.ltx"/>
  <File Type="BITSTR-LTX" Name="simpleALU.ltx"/>
  <File Type="BITSTR-MMI" Name="simpleALU.mmi"/>
  <File Type="BITSTR-BMM" Name="simpleALU_bd.bmm"/>
  <File Type="BITSTR-NKY" Name="simpleALU.nky"/>
  <File Type="BITSTR-RBT" Name="simpleALU.rbt"/>
  <File Type="BITSTR-MSK" Name="simpleALU.msk"/>
  <File Type="BG-BIN" Name="simpleALU.bin"/>
  <File Type="BG-BIT" Name="simpleALU.bit"/>
  <File Type="POSTROUTE-PHYSOPT-BUS-SKEW-RPX" Name="simpleALU_bus_skew_postroute_physopted.rpx"/>
  <File Type="POSTROUTE-PHYSOPT-BUS-SKEW-PB" Name="simpleALU_bus_skew_postroute_physopted.pb"/>
  <File Type="POSTROUTE-PHYSOPT-BUS-SKEW" Name="simpleALU_bus_skew_postroute_physopted.rpt"/>
  <File Type="POSTROUTE-PHYSOPT-TIMING-RPX" Name="simpleALU_timing_summary_postroute_physopted.rpx"/>
  <File Type="POSTROUTE-PHYSOPT-TIMING-PB" Name="simpleALU_timing_summary_postroute_physopted.pb"/>
  <File Type="POSTROUTE-PHYSOPT-TIMING" Name="simpleALU_timing_summary_postroute_physopted.rpt"/>
  <File Type="POSTROUTE-PHYSOPT-BLACKBOX-DCP" Name="simpleALU_postroute_physopt_bb.dcp"/>
  <File Type="POSTROUTE-PHYSOPT-DCP" Name="simpleALU_postroute_physopt.dcp"/>
  <File Type="ROUTE-BUS-SKEW-RPX" Name="simpleALU_bus_skew_routed.rpx"/>
  <File Type="POSTPLACE-PWROPT-DCP" Name="simpleALU_postplace_pwropt.dcp"/>
  <File Type="PLACE-PRE-SIMILARITY" Name="simpleALU_incremental_reuse_pre_placed.rpt"/>
  <File Type="ROUTE-METHODOLOGY-DRC-RPX" Name="simpleALU_methodology_drc_routed.rpx"/>
  <File Type="PLACE-UTIL" Name="simpleALU_utilization_placed.rpt"/>
  <File Type="OPT-METHODOLOGY-DRC" Name="simpleALU_methodology_drc_opted.rpt"/>
  <File Type="PLACE-CLK" Name="simpleALU_clock_utilization_placed.rpt"/>
  <File Type="PLACE-IO" Name="simpleALU_io_placed.rpt"/>
  <File Type="PLACE-CTRL" Name="simpleALU_control_sets_placed.rpt"/>
  <File Type="ROUTE-METHODOLOGY-DRC-PB" Name="simpleALU_methodology_drc_routed.pb"/>
  <File Type="PLACE-DCP" Name="simpleALU_placed.dcp"/>
  <File Type="INIT-TIMING" Name="simpleALU_timing_summary_init.rpt"/>
  <File Type="PWROPT-DRC" Name="simpleALU_drc_pwropted.rpt"/>
  <File Type="PWROPT-TIMING" Name="simpleALU_timing_summary_pwropted.rpt"/>
  <File Type="REPORTS-TCL" Name="simpleALU_reports.tcl"/>
  <File Type="PLACE-TIMING" Name="simpleALU_timing_summary_placed.rpt"/>
  <File Type="OPT-DRC" Name="simpleALU_drc_opted.rpt"/>
  <File Type="POSTPLACE-PWROPT-TIMING" Name="simpleALU_timing_summary_postplace_pwropted.rpt"/>
  <File Type="PA-TCL" Name="simpleALU.tcl"/>
  <File Type="OPT-TIMING" Name="simpleALU_timing_summary_opted.rpt"/>
  <File Type="PLACE-UTIL-PB" Name="simpleALU_utilization_placed.pb"/>
  <File Type="ROUTE-METHODOLOGY-DRC" Name="simpleALU_methodology_drc_routed.rpt"/>
  <File Type="OPT-DCP" Name="simpleALU_opt.dcp"/>
  <File Type="OPT-HWDEF" Name="simpleALU.hwdef"/>
  <File Type="PHYSOPT-TIMING" Name="simpleALU_timing_summary_physopted.rpt"/>
  <File Type="PLACE-SIMILARITY" Name="simpleALU_incremental_reuse_placed.rpt"/>
  <File Type="ROUTE-DRC-RPX" Name="simpleALU_drc_routed.rpx"/>
  <File Type="PWROPT-DCP" Name="simpleALU_pwropt.dcp"/>
  <File Type="PHYSOPT-DCP" Name="simpleALU_physopt.dcp"/>
  <File Type="PHYSOPT-DRC" Name="simpleALU_drc_physopted.rpt"/>
  <File Type="ROUTE-ERROR-DCP" Name="simpleALU_routed_error.dcp"/>
  <File Type="ROUTE-DCP" Name="simpleALU_routed.dcp"/>
  <File Type="ROUTE-BLACKBOX-DCP" Name="simpleALU_routed_bb.dcp"/>
  <File Type="ROUTE-DRC" Name="simpleALU_drc_routed.rpt"/>
  <File Type="ROUTE-DRC-PB" Name="simpleALU_drc_routed.pb"/>
  <File Type="ROUTE-PWR" Name="simpleALU_power_routed.rpt"/>
  <File Type="ROUTE-PWR-SUM" Name="simpleALU_power_summary_routed.pb"/>
  <File Type="ROUTE-PWR-RPX" Name="simpleALU_power_routed.rpx"/>
  <File Type="ROUTE-STATUS" Name="simpleALU_route_status.rpt"/>
  <File Type="ROUTE-STATUS-PB" Name="simpleALU_route_status.pb"/>
  <File Type="ROUTE-TIMINGSUMMARY" Name="simpleALU_timing_summary_routed.rpt"/>
  <File Type="ROUTE-TIMING-PB" Name="simpleALU_timing_summary_routed.pb"/>
  <File Type="ROUTE-TIMING-RPX" Name="simpleALU_timing_summary_routed.rpx"/>
  <File Type="ROUTE-SIMILARITY" Name="simpleALU_incremental_reuse_routed.rpt"/>
  <File Type="ROUTE-CLK" Name="simpleALU_clock_utilization_routed.rpt"/>
  <File Type="ROUTE-BUS-SKEW" Name="simpleALU_bus_skew_routed.rpt"/>
  <File Type="ROUTE-BUS-SKEW-PB" Name="simpleALU_bus_skew_routed.pb"/>
  <FileSet Name="sources" Type="DesignSrcs" RelSrcDir="$PSRCDIR/sources_1">
    <Filter Type="Srcs"/>
    <File Path="$PPRDIR/simpleALU.v">
      <FileInfo>
        <Attr Name="UsedIn" Val="synthesis"/>
        <Attr Name="UsedIn" Val="implementation"/>
        <Attr Name="UsedIn" Val="simulation"/>
      </FileInfo>
    </File>
    <Config>
      <Option Name="DesignMode" Val="RTL"/>
      <Option Name="TopModule" Val="simpleALU"/>
      <Option Name="TopAutoSet" Val="TRUE"/>
    </Config>
  </FileSet>
  <FileSet Name="constrs_in" Type="Constrs" RelSrcDir="$PSRCDIR/constrs_1">
    <Filter Type="Constrs"/>
    <Config>
      <Option Name="ConstrsType" Val="XDC"/>
    </Config>
  </FileSet>
  <FileSet Name="utils" Type="Utils" RelSrcDir="$PSRCDIR/utils_1">
    <Filter Type="Utils"/>
    <Config>
      <Option Name="TopAutoSet" Val="TRUE"/>
    </Config>
  </FileSet>
  <Strategy Version="1" Minor="2">
    <StratHandle Name="Vivado Implementation Defaults" Flow="Vivado Implementation 2019">
      <Desc>Default settings for Implementation.</Desc>
    </StratHandle>
    <Step Id="init_design"/>
    <Step Id="opt_design"/>
    <Step Id="power_opt_design"/>
    <Step Id="place_design"/>
    <Step Id="post_place_power_opt_design"/>
    <Step Id="phys_opt_design"/>
    <Step Id="route_design"/>
    <Step Id="post_route_phys_opt_design"/>
    <Step Id="write_bitstream"/>
  </Strategy>
</GenRun>
